label,n_samples,n_targets,heavy_cdr1_RMSD_mean,heavy_cdr1_AAR_mean,heavy_cdr2_RMSD_mean,heavy_cdr2_AAR_mean,heavy_cdr3_RMSD_mean,heavy_cdr3_AAR_mean,heavy_cdr3_Loop_RMSD_mean,heavy_cdr3_Loop_AAR_mean,light_cdr1_RMSD_mean,light_cdr1_AAR_mean,light_cdr2_RMSD_mean,light_cdr2_AAR_mean,light_cdr3_RMSD_mean,light_cdr3_AAR_mean,full_RMSD_mean
gen_trial_0 (design),189,189,1.5848250228668184,0.3978230798492236,1.3183558120060332,0.18762912572436377,4.0115697722156,0.15101498327762516,4.702943800712985,0.12578516909674503,1.5455171804200774,0.4712311810996021,0.8562203970118067,0.4642857142857142,1.542414139345691,0.3966424109516215,1.2892550948626067
gen_trial_0 (protenix),189,189,2.358433530815953,0.3978230798492236,1.885649324586791,0.18762912572436377,5.1573297559499105,0.15101498327762516,6.014210272153708,0.12578516909674503,2.0317273819060375,0.4712311810996021,1.4273843396525139,0.4642857142857142,1.920016786093912,0.3966424109516215,1.9750203785023053
gen_trial_1 (design),189,189,1.5756360804277798,0.38242988553446067,1.2978986951773885,0.17528974552784074,4.034930307885028,0.14037975557276255,4.749880700405494,0.10926911681866068,1.5104205476752568,0.46878973548381436,0.8534168961117101,0.46334586466165417,1.5259053489964884,0.4042680090377459,1.2943709621659456
gen_trial_1 (protenix),189,189,2.317960942851575,0.38242988553446067,1.9705939619645143,0.17528974552784074,5.190175878382868,0.14037975557276255,6.052105225729556,0.10926911681866068,2.041725951924474,0.46878973548381436,1.4111268054876733,0.46334586466165417,1.964531539920173,0.4042680090377459,2.0127676356608006
mfdesign_bagel (design),204,204,1.5846280714476264,0.733597197048754,1.2725357605783107,0.6536006069094304,3.6189669896257355,0.6494492008930903,4.1997754194028705,0.6238389912758839,1.2149835130397728,0.8311709425839862,0.910783451427935,0.8775510204081632,1.3468028575074777,0.795200451722191,1.169242418198615
mfdesign_bagel (protenix),204,204,1.9590995622354141,0.733597197048754,1.7038073669864544,0.6536006069094304,4.3055379283325035,0.6494492008930903,5.020947376379934,0.6238389912758839,1.5699389496097471,0.8311709425839862,1.208550103170994,0.8775510204081632,1.449761274684156,0.795200451722191,1.7208013441042642
