label,n_targets,antibody_TMscore_mean,heavy_TMscore_mean,light_TMscore_mean
gen_trial_0 (design),189,0.9689763418726534,0.9545659670097788,0.9741123894071639
gen_trial_0 (protenix),189,0.9334950510630519,0.9212070086225453,0.9507723226697729
gen_trial_1 (design),189,0.9689866170623561,0.9542720352165325,0.9744989560076882
gen_trial_1 (protenix),189,0.932831609040513,0.9207631009611532,0.9497806013949803
mfdesign_bagel (design),204,0.971571459929557,0.9568963587826343,0.9789322289480887
mfdesign_bagel (protenix),204,0.9441564080627644,0.9314803091450458,0.961306545967103
